{
  "index": {
    "max_ngram_diff": 19
  },
  "analysis": {
    "filter": {
      "autocomplete_filter": {
        "type": "ngram",
        "min_gram": 2,
        "max_gram": 20,
        "token_chars": [
          "letter",
          "digit",
          "punctuation",
          "symbol"
        ]
      }
    },
    "analyzer": {
      "autocomplete_search": {
        "type": "custom",
        "tokenizer": "whitespace",
        "filter": [
          "lowercase",
          "asciifolding"
        ]
      },
      "autocomplete_index": {
        "type": "custom",
        "tokenizer": "whitespace",
        "filter": [
          "lowercase",
          "asciifolding",
          "autocomplete_filter"
        ]
      }
    }
  }
}