{
  "addresses_version" : {
    "aliases" : { },
    "mappings" : {
      "properties" : {
        "idTeryt" : {
          "type" : "text",
          "fields" : {
            "keyword" : {
              "type" : "keyword",
              "ignore_above" : 256
            }
          }
        },
        "verId" : {
          "type" : "text",
          "fields" : {
            "keyword" : {
              "type" : "keyword",
              "ignore_above" : 256
            }
          }
        }
      }
    },
    "settings" : {
      "index" : {
        "number_of_shards" : "1",
        "number_of_replicas" : "1",
        "provided_name" : "addresses_version"
      }
    }
  }
}
